name,category,type,source
"Complete Blood Count (CBC)","Haematology","laboratory_panel","StatPearls / Fullscript"
"Basic Metabolic Panel (BMP)","Biochemistry / Chemical Pathology","laboratory_panel","StatPearls / Fullscript"
"Comprehensive Metabolic Panel (CMP)","Biochemistry / Chemical Pathology","laboratory_panel","StatPearls / Fullscript"
"Lipid Panel","Biochemistry / Chemical Pathology","laboratory_panel","StatPearls / Fullscript"
"Thyroid Function Panel","Endocrine / Biochemistry","laboratory_panel","Fullscript"
"Coagulation Panel","Haematology","laboratory_panel","Wikipedia / Cleveland Clinic"
"Electrolyte Panel","Biochemistry / Chemical Pathology","laboratory_panel","Cleveland Clinic"
"Arterial Blood Gas (ABG)","Biochemistry / Chemical Pathology","laboratory","Wikipedia"
"Urinalysis","Urine Studies","laboratory","StatPearls / Fullscript"
"Urine Culture","Microbiology","laboratory","Wikipedia"
"Stool Culture","Microbiology","laboratory","Wikipedia"
"Blood Culture","Microbiology","laboratory","Wikipedia"
"Sputum Culture","Microbiology","laboratory","Wikipedia"
"Mantoux Test (Tuberculin Skin Test)","Immunology / Serology","laboratory","Wikipedia"
"Genetic Testing","Molecular Genetics","laboratory","Wikipedia"
"Karyotype","Cytogenetics","laboratory","MedlinePlus"
"Urea Breath Test","Microbiology","laboratory","Wikipedia"
"Chest X-Ray","Radiology / Imaging","imaging","Wikipedia / AiClinic seed"
"Abdominal X-Ray","Radiology / Imaging","imaging","Wikipedia"
"Skull X-Ray","Radiology / Imaging","imaging","Wikipedia"
"Spine X-Ray","Radiology / Imaging","imaging","Wikipedia"
"Extremity X-Ray","Radiology / Imaging","imaging","Wikipedia"
"Mammography","Radiology / Imaging","imaging","Wikipedia"
"CT Scan (Computed Tomography)","Radiology / Imaging","imaging","Wikipedia"
"CT Head","Radiology / Imaging","imaging","Clinical practice"
"CT Chest","Radiology / Imaging","imaging","Clinical practice"
"CT Abdomen/Pelvis","Radiology / Imaging","imaging","Clinical practice"
"MRI (Magnetic Resonance Imaging)","Radiology / Imaging","imaging","Wikipedia"
"MRI Brain","Radiology / Imaging","imaging","Clinical practice"
"MRI Spine","Radiology / Imaging","imaging","Clinical practice"
"MRI Knee","Radiology / Imaging","imaging","Clinical practice"
"Ultrasound","Radiology / Imaging","imaging","Wikipedia / MedlinePlus"
"Abdominal Ultrasound","Radiology / Imaging","imaging","AiClinic seed"
"Pelvic Ultrasound","Radiology / Imaging","imaging","Clinical practice"
"Thyroid Ultrasound","Radiology / Imaging","imaging","Clinical practice"
"Doppler Ultrasound","Radiology / Imaging","imaging","Clinical practice"
"Echocardiography","Cardiology / Imaging","imaging","Wikipedia"
"PET Scan (Positron Emission Tomography)","Nuclear Medicine","imaging","Wikipedia"
"SPECT Scan","Nuclear Medicine","imaging","NCBI"
"Bone Scan","Nuclear Medicine","imaging","Clinical practice"
"DEXA Scan (Bone Density)","Radiology / Imaging","imaging","Clinical practice"
"Fluoroscopy","Radiology / Imaging","imaging","Wikipedia"
"Angiography","Radiology / Imaging","imaging","Clinical practice"
"Coronary Angiography","Cardiology / Imaging","imaging","Wikipedia"
"ECG (Electrocardiogram)","Cardiology","procedure","Wikipedia / AiClinic seed"
"Holter Monitor (24-hour ECG)","Cardiology","procedure","Clinical practice"
"Exercise Stress Test","Cardiology","procedure","Clinical practice"
"Echocardiogram","Cardiology","imaging","Clinical practice"
"Cardiac MRI","Cardiology / Imaging","imaging","Clinical practice"
"Coronary Catheterization","Cardiology","procedure","Wikipedia"
"Esophagogastroduodenoscopy (EGD / Upper Endoscopy)","Gastroenterology / Endoscopy","procedure","Wikipedia"
"Colonoscopy","Gastroenterology / Endoscopy","procedure","Wikipedia"
"Sigmoidoscopy","Gastroenterology / Endoscopy","procedure","Clinical practice"
"Capsule Endoscopy","Gastroenterology / Endoscopy","procedure","Wikipedia"
"ERCP (Endoscopic Retrograde Cholangiopancreatography)","Gastroenterology / Endoscopy","procedure","Wikipedia"
"Esophageal Manometry","Gastroenterology","procedure","Wikipedia"
"Esophageal pH Monitoring","Gastroenterology","procedure","Wikipedia"
"Liver Biopsy","Pathology / Procedure","procedure","Wikipedia"
"Spirometry","Pulmonary Function","procedure","Clinical practice"
"Pulmonary Function Test (PFT)","Pulmonary Function","procedure","Clinical practice"
"Peak Flow Measurement","Pulmonary Function","procedure","Clinical practice"
"Bronchoscopy","Pulmonary / Endoscopy","procedure","Clinical practice"
"EEG (Electroencephalogram)","Neurology","procedure","Clinical practice"
"EMG (Electromyography)","Neurology","procedure","Clinical practice"
"Nerve Conduction Study","Neurology","procedure","Clinical practice"
"Lumbar Puncture (Spinal Tap)","Neurology / Procedure","procedure","Clinical practice"
"Electronystagmography (ENG)","ENT / Neurology","procedure","Wikipedia"
"Videonystagmography (VNG)","ENT / Neurology","procedure","Wikipedia"
"Audiometry (Hearing Test)","ENT / Audiology","procedure","Wikipedia"
"Laryngoscopy","ENT","procedure","Wikipedia"
"Tympanometry","ENT / Audiology","procedure","Clinical practice"
"Skin Biopsy","Dermatology / Pathology","procedure","Wikipedia"
"Skin Allergy Test (Patch Test)","Dermatology / Immunology","procedure","Wikipedia"
"Visual Field Test","Ophthalmology","procedure","Wikipedia"
"Optical Coherence Tomography (OCT)","Ophthalmology / Imaging","imaging","Wikipedia"
"Dilated Fundus Examination","Ophthalmology","procedure","Wikipedia"
"Tonometry (Eye Pressure)","Ophthalmology","procedure","Clinical practice"
"Pap Smear (Cervical Cytology)","Gynaecology","laboratory","Clinical practice"
"HPV Test","Gynaecology / Molecular","laboratory","Clinical practice"
"Obstetric Ultrasound","Obstetrics / Imaging","imaging","Clinical practice"
"Amniocentesis","Obstetrics / Procedure","procedure","Clinical practice"
"Chorionic Villus Sampling (CVS)","Obstetrics / Procedure","procedure","Clinical practice"
"Cystoscopy","Urology","procedure","Clinical practice"
"Uroflowmetry","Urology","procedure","Clinical practice"
"Prostate Biopsy","Urology / Pathology","procedure","Clinical practice"
"Joint Aspiration (Arthrocentesis)","Rheumatology / Procedure","procedure","Clinical practice"
"Synovial Fluid Analysis","Rheumatology / Laboratory","laboratory","Clinical practice"
"Fine Needle Aspiration (FNA)","Pathology / Cytology","procedure","Clinical practice"
"Core Needle Biopsy","Pathology","procedure","Clinical practice"
"Bone Marrow Biopsy","Haematology / Pathology","procedure","Clinical practice"
"Histopathology Examination","Histopathology / Anatomic Pathology","laboratory","Clinical practice"
"Fasting Blood Glucose","Biochemistry / Chemical Pathology","laboratory","AiClinic seed / MedlinePlus"
"HbA1c (Glycated Haemoglobin)","Biochemistry / Chemical Pathology","laboratory","AiClinic seed / Fullscript"
"Liver Function Test (LFT)","Biochemistry / Chemical Pathology","laboratory_panel","AiClinic seed"
"Renal Function Test (RFT)","Biochemistry / Chemical Pathology","laboratory_panel","Clinical practice"
"Thyroid Panel","Endocrine / Biochemistry","laboratory_panel","AiClinic seed"
"Prostate-Specific Antigen (PSA)","Biochemistry / Chemical Pathology","laboratory","Fullscript"
"Vitamin D (25-Hydroxyvitamin D)","Biochemistry / Chemical Pathology","laboratory","Fullscript"
"Vitamin B12","Biochemistry / Chemical Pathology","laboratory","MedlinePlus"
"Folate (Folic Acid)","Biochemistry / Chemical Pathology","laboratory","MedlinePlus"
"Iron Studies (Ferritin, TIBC, Transferrin)","Haematology / Biochemistry","laboratory_panel","Clinical practice"
"D-Dimer","Haematology","laboratory","Cleveland Clinic"
"Troponin","Cardiology / Biochemistry","laboratory","Clinical practice"
"BNP / NT-proBNP","Cardiology / Biochemistry","laboratory","Clinical practice"
"C-Reactive Protein (CRP)","Immunology / Biochemistry","laboratory","Fullscript"
"Erythrocyte Sedimentation Rate (ESR)","Haematology","laboratory","Fullscript"
"Kidney Stone Analysis","Urine Studies","laboratory","MedlinePlus"
"Pregnancy Test (Urine hCG)","Biochemistry","laboratory","MedlinePlus"
"HIV Screen","Virology","laboratory","Clinical practice"
"Hepatitis Panel","Virology","laboratory_panel","Clinical practice"
"COVID-19 PCR Test","Molecular Microbiology","laboratory","Clinical practice"
"Influenza PCR","Molecular Microbiology","laboratory","Clinical practice"
"Strep Throat Rapid Test","Microbiology","laboratory","Clinical practice"
"Whooping Cough (Pertussis) Test","Microbiology","laboratory","MedlinePlus"
"Zika Virus Test","Virology","laboratory","MedlinePlus"
"Yeast Infection Test","Microbiology","laboratory","MedlinePlus"
"1,25-dihydroxy vitamin D (DHVD)","Biochemistry / Chemical Pathology","laboratory","Manchester University NHS Foundation Trust A-Z Laboratory Tests"
"17 OHP (blood spot)","Biochemistry / Chemical Pathology","laboratory","Manchester University NHS Foundation Trust A-Z Laboratory Tests"
"17 OHP (serum)","Biochemistry / Chemical Pathology","laboratory","Manchester University NHS Foundation Trust A-Z Laboratory Tests"
"A1AT","Biochemistry / Chemical Pathology","laboratory","Manchester University NHS Foundation Trust A-Z Laboratory Tests"
"Abdominal mass FNA","Cytology","laboratory","Manchester University NHS Foundation Trust A-Z Laboratory Tests"
"Abscesses and Deep-Seated Wound Infections","Microbiology / Bacteriology","laboratory","Manchester University NHS Foundation Trust A-Z Laboratory Tests"
"Acetyl Choline Receptor Antibodies","Immunology / Serology","laboratory","Manchester University NHS Foundation Trust A-Z Laboratory Tests"
"Acid base status","Biochemistry / Chemical Pathology","laboratory","Manchester University NHS Foundation Trust A-Z Laboratory Tests"
"Acid fast bacilli (mycobacteria) Special Stain","Cytology","laboratory","Manchester University NHS Foundation Trust A-Z Laboratory Tests"
"ACR","Biochemistry / Chemical Pathology","laboratory","Manchester University NHS Foundation Trust A-Z Laboratory Tests"
"Activated partial thromboplastin time","Haematology","laboratory","Manchester University NHS Foundation Trust A-Z Laboratory Tests"
"Actual bicarbonate","Biochemistry / Chemical Pathology","laboratory","Manchester University NHS Foundation Trust A-Z Laboratory Tests"
"Acute kidney injury score","Biochemistry / Chemical Pathology","laboratory","Manchester University NHS Foundation Trust A-Z Laboratory Tests"
"Acute Leukaemia Panel","Immunology / Serology","laboratory","Manchester University NHS Foundation Trust A-Z Laboratory Tests"
"Adenovirus","Microbiology","laboratory","Manchester University NHS Foundation Trust A-Z Laboratory Tests"
"Adenovirus (respiratory infection)","Molecular Microbiology","laboratory","Manchester University NHS Foundation Trust A-Z Laboratory Tests"
"Adenovirus 40/41 (Enteric) PCR","Molecular Microbiology","laboratory","Manchester University NHS Foundation Trust A-Z Laboratory Tests"
"Adrenal antibody","Immunology / Serology","laboratory","Manchester University NHS Foundation Trust A-Z Laboratory Tests"
"Adrenal FNA","Cytology","laboratory","Manchester University NHS Foundation Trust A-Z Laboratory Tests"
"AFP","Biochemistry / Chemical Pathology","laboratory","Manchester University NHS Foundation Trust A-Z Laboratory Tests"
"AKI","Biochemistry / Chemical Pathology","laboratory","Manchester University NHS Foundation Trust A-Z Laboratory Tests"
"Alanine Aminotransferase","Biochemistry / Chemical Pathology","laboratory","Manchester University NHS Foundation Trust A-Z Laboratory Tests"
"Albumin","Biochemistry / Chemical Pathology","laboratory","Manchester University NHS Foundation Trust A-Z Laboratory Tests"
"Albumin Creatinine Ratio (ACR)","Biochemistry / Chemical Pathology","laboratory","Manchester University NHS Foundation Trust A-Z Laboratory Tests"
"Albumin excretion (urine micro albumin)","Biochemistry / Chemical Pathology","laboratory","Manchester University NHS Foundation Trust A-Z Laboratory Tests"
"Aldosterone","Biochemistry / Chemical Pathology","laboratory","Manchester University NHS Foundation Trust A-Z Laboratory Tests"
"Alkaline Phosphatase","Biochemistry / Chemical Pathology","laboratory","Manchester University NHS Foundation Trust A-Z Laboratory Tests"
"Alkaline Phosphate isoenzymes","Biochemistry / Chemical Pathology","laboratory","Manchester University NHS Foundation Trust A-Z Laboratory Tests"
"Allergen Specific IgE","Immunology / Serology","laboratory","Manchester University NHS Foundation Trust A-Z Laboratory Tests"
"ALP","Biochemistry / Chemical Pathology","laboratory","Manchester University NHS Foundation Trust A-Z Laboratory Tests"
"Alpha-1-Antitrypsin","Biochemistry / Chemical Pathology","laboratory","Manchester University NHS Foundation Trust A-Z Laboratory Tests"
"Alpha-feto-protein","Biochemistry / Chemical Pathology","laboratory","Manchester University NHS Foundation Trust A-Z Laboratory Tests"
"ALT","Biochemistry / Chemical Pathology","laboratory","Manchester University NHS Foundation Trust A-Z Laboratory Tests"
"AMH","Biochemistry / Chemical Pathology","laboratory","Manchester University NHS Foundation Trust A-Z Laboratory Tests"
"Amikacin","Biochemistry / Chemical Pathology","laboratory","Manchester University NHS Foundation Trust A-Z Laboratory Tests"
"Aminotransferase","Biochemistry / Chemical Pathology","laboratory","Manchester University NHS Foundation Trust A-Z Laboratory Tests"
"Ammonia","Biochemistry / Chemical Pathology","laboratory","Manchester University NHS Foundation Trust A-Z Laboratory Tests"
"ANA","Immunology / Serology","laboratory","Manchester University NHS Foundation Trust A-Z Laboratory Tests"
"ANCA","Immunology / Serology","laboratory","Manchester University NHS Foundation Trust A-Z Laboratory Tests"
"Androstenedione","Biochemistry / Chemical Pathology","laboratory","Manchester University NHS Foundation Trust A-Z Laboratory Tests"
"Anion-Gap","Biochemistry / Chemical Pathology","laboratory","Manchester University NHS Foundation Trust A-Z Laboratory Tests"
"Anti C1q","Immunology / Serology","laboratory","Manchester University NHS Foundation Trust A-Z Laboratory Tests"
"Anti HBs","Virology","laboratory","Manchester University NHS Foundation Trust A-Z Laboratory Tests"
"Anti Myelin oligodendrocyte glycoprotein (MOG) Antibodies","Immunology / Serology","laboratory","Manchester University NHS Foundation Trust A-Z Laboratory Tests"
"Anti-Basal Ganglia Abs","Immunology / Serology","laboratory","Manchester University NHS Foundation Trust A-Z Laboratory Tests"
"Antibiotic Susceptibility Tests","Microbiology / Bacteriology","laboratory","Manchester University NHS Foundation Trust A-Z Laboratory Tests"
"Antibody screen and save serum","Haematology","laboratory","Manchester University NHS Foundation Trust A-Z Laboratory Tests"
"Antibody titre","Haematology","laboratory","Manchester University NHS Foundation Trust A-Z Laboratory Tests"
"Anticoagulant Control – Heparin control; Oral Anticoagulant Control (INR)","Haematology","laboratory","Manchester University NHS Foundation Trust A-Z Laboratory Tests"
"Anti-Cyclic citrullinated peptide (CCP)","Immunology / Serology","laboratory","Manchester University NHS Foundation Trust A-Z Laboratory Tests"
"Anti-HCV antibody screen and confirmation","Virology","laboratory","Manchester University NHS Foundation Trust A-Z Laboratory Tests"
"Anti-Hepatitis Bs antibody Virology","Virology","laboratory","Manchester University NHS Foundation Trust A-Z Laboratory Tests"
"Anti-HIV 1 and 2 antibody and p24 antigen screen","Virology","laboratory","Manchester University NHS Foundation Trust A-Z Laboratory Tests"
"Antimicrobial Susceptibility Test","Microbiology / Bacteriology","laboratory","Manchester University NHS Foundation Trust A-Z Laboratory Tests"
"Anti-Müllerian Hormone, AMH","Biochemistry / Chemical Pathology","laboratory","Manchester University NHS Foundation Trust A-Z Laboratory Tests"
"Anti-neutrophil cytoplasmic antibody (ANCA)","Immunology / Serology","laboratory","Manchester University NHS Foundation Trust A-Z Laboratory Tests"
"Antinuclear antibody (ANA)","Immunology / Serology","laboratory","Manchester University NHS Foundation Trust A-Z Laboratory Tests"
"Antithrombin","Haematology","laboratory","Manchester University NHS Foundation Trust A-Z Laboratory Tests"
"AP100 Alternative Pathway Haemolytic Complement","Immunology / Serology","laboratory","Manchester University NHS Foundation Trust A-Z Laboratory Tests"
"APTT","Haematology","laboratory","Manchester University NHS Foundation Trust A-Z Laboratory Tests"
"Aquaporin 4","Immunology / Serology","laboratory","Manchester University NHS Foundation Trust A-Z Laboratory Tests"
"Ascitic fluid","Cytology","laboratory","Manchester University NHS Foundation Trust A-Z Laboratory Tests"
"ASO","Virology","laboratory","Manchester University NHS Foundation Trust A-Z Laboratory Tests"
"Aspartate Aminotransferase","Biochemistry / Chemical Pathology","laboratory","Manchester University NHS Foundation Trust A-Z Laboratory Tests"
"Aspergillus fumigatus precipitins","Immunology / Serology","laboratory","Manchester University NHS Foundation Trust A-Z Laboratory Tests"
"Aspergillus galactomannan","Mycology","laboratory","Manchester University NHS Foundation Trust A-Z Laboratory Tests"
"Aspergillus PCR","Molecular Microbiology","laboratory","Manchester University NHS Foundation Trust A-Z Laboratory Tests"
"Aspergillus PCR on respiratory samples","Mycology","laboratory","Manchester University NHS Foundation Trust A-Z Laboratory Tests"
"AST","Microbiology / Bacteriology","laboratory","Manchester University NHS Foundation Trust A-Z Laboratory Tests"
"Astrovirus PCR","Molecular Microbiology","laboratory","Manchester University NHS Foundation Trust A-Z Laboratory Tests"
"Autoimmune diabetes marker panel","Immunology / Serology","laboratory","Manchester University NHS Foundation Trust A-Z Laboratory Tests"
"Avian precipitins","Immunology / Serology","laboratory","Manchester University NHS Foundation Trust A-Z Laboratory Tests"
"B Cell Maturation Panel","Immunology / Serology","laboratory","Manchester University NHS Foundation Trust A-Z Laboratory Tests"
"Bartonella (referral)","Virology","laboratory","Manchester University NHS Foundation Trust A-Z Laboratory Tests"
"Bence Jones protein (Urinary light chains) Urine immunofixation","Immunology / Serology","laboratory","Manchester University NHS Foundation Trust A-Z Laboratory Tests"
"Beta 2 Glycoprotein (IgG and IgM)","Immunology / Serology","laboratory","Manchester University NHS Foundation Trust A-Z Laboratory Tests"
"Beta Hydroxybutyrate","Biochemistry / Chemical Pathology","laboratory","Manchester University NHS Foundation Trust A-Z Laboratory Tests"
"Bicarbonate","Biochemistry / Chemical Pathology","laboratory","Manchester University NHS Foundation Trust A-Z Laboratory Tests"
"Bile acids","Biochemistry / Chemical Pathology","laboratory","Manchester University NHS Foundation Trust A-Z Laboratory Tests"
"Bile duct brushings","Cytology","laboratory","Manchester University NHS Foundation Trust A-Z Laboratory Tests"
"Bilharzia","Microbiology / Bacteriology","laboratory","Manchester University NHS Foundation Trust A-Z Laboratory Tests"
"Bilirubin (conjugated/direct)","Biochemistry / Chemical Pathology","laboratory","Manchester University NHS Foundation Trust A-Z Laboratory Tests"
"Bilirubin (total)","Biochemistry / Chemical Pathology","laboratory","Manchester University NHS Foundation Trust A-Z Laboratory Tests"
"BK virus PCR","Molecular Microbiology","laboratory","Manchester University NHS Foundation Trust A-Z Laboratory Tests"
"Bladder washings","Cytology","laboratory","Manchester University NHS Foundation Trust A-Z Laboratory Tests"
"Blastomyces (referral)","Virology","laboratory","Manchester University NHS Foundation Trust A-Z Laboratory Tests"
"Bleeding Time","Haematology","laboratory","Manchester University NHS Foundation Trust A-Z Laboratory Tests"
"Blood Cultures","Microbiology / Bacteriology","laboratory","Manchester University NHS Foundation Trust A-Z Laboratory Tests"
"Blood group","Haematology","laboratory","Manchester University NHS Foundation Trust A-Z Laboratory Tests"
"Blood Transfusion","Haematology","laboratory","Manchester University NHS Foundation Trust A-Z Laboratory Tests"
"Bloodspot 17-hydroxyprogesterone","Biochemistry / Chemical Pathology","laboratory","Manchester University NHS Foundation Trust A-Z Laboratory Tests"
"BNP (N-terminal pro BNP)","Biochemistry / Chemical Pathology","laboratory","Manchester University NHS Foundation Trust A-Z Laboratory Tests"
"Bocavirus PCR (referral)","Molecular Microbiology","laboratory","Manchester University NHS Foundation Trust A-Z Laboratory Tests"
"Bone marrow report","Haematology","laboratory","Manchester University NHS Foundation Trust A-Z Laboratory Tests"
"Bordetella pertussis culture","Microbiology / Bacteriology","laboratory","Manchester University NHS Foundation Trust A-Z Laboratory Tests"
"Bordetella pertussis PCR","Molecular Microbiology","laboratory","Manchester University NHS Foundation Trust A-Z Laboratory Tests"
"Breath Hydrogen Test","Biochemistry / Chemical Pathology","laboratory","Manchester University NHS Foundation Trust A-Z Laboratory Tests"
"Bronchial brushings","Cytology","laboratory","Manchester University NHS Foundation Trust A-Z Laboratory Tests"
"Bronchial trap","Cytology","laboratory","Manchester University NHS Foundation Trust A-Z Laboratory Tests"
"Bronchoalveolar lavage","Cytology","laboratory","Manchester University NHS Foundation Trust A-Z Laboratory Tests"
"Brucella (referral)","Virology","laboratory","Manchester University NHS Foundation Trust A-Z Laboratory Tests"
"Busulphan","Biochemistry / Chemical Pathology","laboratory","Manchester University NHS Foundation Trust A-Z Laboratory Tests"
"C1 esterase inhibitor","Immunology / Serology","laboratory","Manchester University NHS Foundation Trust A-Z Laboratory Tests"
"C1 esterase inhibitor functional test","Immunology / Serology","laboratory","Manchester University NHS Foundation Trust A-Z Laboratory Tests"
"C1q","Immunology / Serology","laboratory","Manchester University NHS Foundation Trust A-Z Laboratory Tests"
"C3 nephritic factor","Immunology / Serology","laboratory","Manchester University NHS Foundation Trust A-Z Laboratory Tests"
"CA125","Biochemistry / Chemical Pathology","laboratory","Manchester University NHS Foundation Trust A-Z Laboratory Tests"
"Caeruloplasmin","Biochemistry / Chemical Pathology","laboratory","Manchester University NHS Foundation Trust A-Z Laboratory Tests"
"Calcium (blood and urine)","Biochemistry / Chemical Pathology","laboratory","Manchester University NHS Foundation Trust A-Z Laboratory Tests"
"Calcium ionized","Biochemistry / Chemical Pathology","laboratory","Manchester University NHS Foundation Trust A-Z Laboratory Tests"
"Calcium, plasma, total","Biochemistry / Chemical Pathology","laboratory","Manchester University NHS Foundation Trust A-Z Laboratory Tests"
"Calprotectin (faeces)","Biochemistry / Chemical Pathology","laboratory","Manchester University NHS Foundation Trust A-Z Laboratory Tests"
"Campylobacter serology (referral)","Virology","laboratory","Manchester University NHS Foundation Trust A-Z Laboratory Tests"
"cANCA","Immunology / Serology","laboratory","Manchester University NHS Foundation Trust A-Z Laboratory Tests"
"Candida PCR","Molecular Microbiology","laboratory","Manchester University NHS Foundation Trust A-Z Laboratory Tests"
"Candida precipitins (referral)","Virology","laboratory","Manchester University NHS Foundation Trust A-Z Laboratory Tests"
"Carbamazepine","Biochemistry / Chemical Pathology","laboratory","Manchester University NHS Foundation Trust A-Z Laboratory Tests"
"Carbapenemase-Producing Enterobacteriaceae (CPE) Screen","Microbiology / Bacteriology","laboratory","Manchester University NHS Foundation Trust A-Z Laboratory Tests"
"Carboxyhaemoglobin","Biochemistry / Chemical Pathology","laboratory","Manchester University NHS Foundation Trust A-Z Laboratory Tests"
"Cardiac muscle antibodies","Immunology / Serology","laboratory","Manchester University NHS Foundation Trust A-Z Laboratory Tests"
"Cardiolipin (IgG and IgM) antibodies","Immunology / Serology","laboratory","Manchester University NHS Foundation Trust A-Z Laboratory Tests"
"CASPR & LGi1 Antibodies","Immunology / Serology","laboratory","Manchester University NHS Foundation Trust A-Z Laboratory Tests"
"Catecholamines (urine)","Biochemistry / Chemical Pathology","laboratory","Manchester University NHS Foundation Trust A-Z Laboratory Tests"
"CCP","Immunology / Serology","laboratory","Manchester University NHS Foundation Trust A-Z Laboratory Tests"
"CD34 (Stem cells)","Immunology / Serology","laboratory","Manchester University NHS Foundation Trust A-Z Laboratory Tests"
"CD4 count (T cell count)","Immunology / Serology","laboratory","Manchester University NHS Foundation Trust A-Z Laboratory Tests"
"CEA","Biochemistry / Chemical Pathology","laboratory","Manchester University NHS Foundation Trust A-Z Laboratory Tests"
"Cerebrospinal fluid","Microbiology / Bacteriology","laboratory","Manchester University NHS Foundation Trust A-Z Laboratory Tests"
"Cervical Cytology","Gynaecological Cytology","laboratory","Manchester University NHS Foundation Trust A-Z Laboratory Tests"
"CH50 complement activity Classical Pathway","Immunology / Serology","laboratory","Manchester University NHS Foundation Trust A-Z Laboratory Tests"
"Chain-of-custody medico-legal specimens","Biochemistry / Chemical Pathology","laboratory","Manchester University NHS Foundation Trust A-Z Laboratory Tests"
"Chlamydia trachomatis, Neisseria gonorrhoea, Trichomonas vaginalis, Mycoplasma genitalium NAATs","Molecular Microbiology","laboratory","Manchester University NHS Foundation Trust A-Z Laboratory Tests"
"Chloride","Biochemistry / Chemical Pathology","laboratory","Manchester University NHS Foundation Trust A-Z Laboratory Tests"
"Cholesterol","Biochemistry / Chemical Pathology","laboratory","Manchester University NHS Foundation Trust A-Z Laboratory Tests"
"Cholinesterase","Biochemistry / Chemical Pathology","laboratory","Manchester University NHS Foundation Trust A-Z Laboratory Tests"
"Chromium","Biochemistry / Chemical Pathology","laboratory","Manchester University NHS Foundation Trust A-Z Laboratory Tests"
"Chronic lymphocytic/lymphoma panel","Immunology / Serology","laboratory","Manchester University NHS Foundation Trust A-Z Laboratory Tests"
"Ciclosporin","Biochemistry / Chemical Pathology","laboratory","Manchester University NHS Foundation Trust A-Z Laboratory Tests"
"CK","Biochemistry / Chemical Pathology","laboratory","Manchester University NHS Foundation Trust A-Z Laboratory Tests"
"Clostridium difficile GDH and Toxin","Microbiology / Bacteriology","laboratory","Manchester University NHS Foundation Trust A-Z Laboratory Tests"
"CMV (cytomegalovirus) antiviral resistance markers","Molecular Microbiology","laboratory","Manchester University NHS Foundation Trust A-Z Laboratory Tests"
"CMV (cytomegalovirus) IgG","Virology","laboratory","Manchester University NHS Foundation Trust A-Z Laboratory Tests"
"CMV (cytomegalovirus) IgG avidity","Virology","laboratory","Manchester University NHS Foundation Trust A-Z Laboratory Tests"
"CMV (Cytomegalovirus) IgM","Virology","laboratory","Manchester University NHS Foundation Trust A-Z Laboratory Tests"
"CMV (cytomegalovirus) viral load","Molecular Microbiology","laboratory","Manchester University NHS Foundation Trust A-Z Laboratory Tests"
"Cobalt","Biochemistry / Chemical Pathology","laboratory","Manchester University NHS Foundation Trust A-Z Laboratory Tests"
"Coccidioides (referral)","Virology","laboratory","Manchester University NHS Foundation Trust A-Z Laboratory Tests"
"Coeliac Disease Antibodies","Immunology / Serology","laboratory","Manchester University NHS Foundation Trust A-Z Laboratory Tests"
"Cold agglutinin titres (4°C)","Haematology","laboratory","Manchester University NHS Foundation Trust A-Z Laboratory Tests"
"Complement C3","Immunology / Serology","laboratory","Manchester University NHS Foundation Trust A-Z Laboratory Tests"
"Complement C4","Immunology / Serology","laboratory","Manchester University NHS Foundation Trust A-Z Laboratory Tests"
"Contact lens","Microbiology / Bacteriology","laboratory","Manchester University NHS Foundation Trust A-Z Laboratory Tests"
"Copper (blood and urine)","Biochemistry / Chemical Pathology","laboratory","Manchester University NHS Foundation Trust A-Z Laboratory Tests"
"Cord blood investigations","Haematology","laboratory","Manchester University NHS Foundation Trust A-Z Laboratory Tests"
"Corneal Scrape (Bacteriology)","Microbiology / Bacteriology","laboratory","Manchester University NHS Foundation Trust A-Z Laboratory Tests"
"Corneal Scrape (Virology)","Virology","laboratory","Manchester University NHS Foundation Trust A-Z Laboratory Tests"
"Coronavirus COVID-19 Testing for SARS-CoV-2","Molecular Microbiology","laboratory","Manchester University NHS Foundation Trust A-Z Laboratory Tests"
"Cortisol","Biochemistry / Chemical Pathology","laboratory","Manchester University NHS Foundation Trust A-Z Laboratory Tests"
"CPE screen","Microbiology / Bacteriology","laboratory","Manchester University NHS Foundation Trust A-Z Laboratory Tests"
"C-peptide","Biochemistry / Chemical Pathology","laboratory","Manchester University NHS Foundation Trust A-Z Laboratory Tests"
"Creatine Kinase","Biochemistry / Chemical Pathology","laboratory","Manchester University NHS Foundation Trust A-Z Laboratory Tests"
"Creatinine (blood and urine)","Biochemistry / Chemical Pathology","laboratory","Manchester University NHS Foundation Trust A-Z Laboratory Tests"
"Creatinine clearance","Biochemistry / Chemical Pathology","laboratory","Manchester University NHS Foundation Trust A-Z Laboratory Tests"
"Crithidia antibodies","Immunology / Serology","laboratory","Manchester University NHS Foundation Trust A-Z Laboratory Tests"
"Cross matching","Haematology","laboratory","Manchester University NHS Foundation Trust A-Z Laboratory Tests"
"Cryoglobulins","Immunology / Serology","laboratory","Manchester University NHS Foundation Trust A-Z Laboratory Tests"
"Cryptococcal antigen","Mycology","laboratory","Manchester University NHS Foundation Trust A-Z Laboratory Tests"
"Cryptococcus antigen","Virology","laboratory","Manchester University NHS Foundation Trust A-Z Laboratory Tests"
"Cryptosporidium","Microbiology / Bacteriology","laboratory","Manchester University NHS Foundation Trust A-Z Laboratory Tests"
"CSF","Microbiology / Bacteriology","laboratory","Manchester University NHS Foundation Trust A-Z Laboratory Tests"
"CSF – Glucose","Biochemistry / Chemical Pathology","laboratory","Manchester University NHS Foundation Trust A-Z Laboratory Tests"
"CSF – Lactate","Biochemistry / Chemical Pathology","laboratory","Manchester University NHS Foundation Trust A-Z Laboratory Tests"
"CSF – Protein","Biochemistry / Chemical Pathology","laboratory","Manchester University NHS Foundation Trust A-Z Laboratory Tests"
"CSF Bilirubin","Biochemistry / Chemical Pathology","laboratory","Manchester University NHS Foundation Trust A-Z Laboratory Tests"
"CSF Xanthochromia","Biochemistry / Chemical Pathology","laboratory","Manchester University NHS Foundation Trust A-Z Laboratory Tests"
"CTX","Biochemistry / Chemical Pathology","laboratory","Manchester University NHS Foundation Trust A-Z Laboratory Tests"
"Culture","Microbiology / Bacteriology","laboratory","Manchester University NHS Foundation Trust A-Z Laboratory Tests"
"Cyclic citrullinated peptide (CCP)","Immunology / Serology","laboratory","Manchester University NHS Foundation Trust A-Z Laboratory Tests"
"Cyclosporin A","Biochemistry / Chemical Pathology","laboratory","Manchester University NHS Foundation Trust A-Z Laboratory Tests"
"Cystatin C","Biochemistry / Chemical Pathology","laboratory","Manchester University NHS Foundation Trust A-Z Laboratory Tests"
"Cystic Fibrosis","Microbiology / Bacteriology","laboratory","Manchester University NHS Foundation Trust A-Z Laboratory Tests"
"Cytomegalovirus (CMV) IgG","Virology","laboratory","Manchester University NHS Foundation Trust A-Z Laboratory Tests"
"Cytomegalovirus (CMV) IgG avidity","Virology","laboratory","Manchester University NHS Foundation Trust A-Z Laboratory Tests"
"Cytomegalovirus (CMV) IgM","Virology","laboratory","Manchester University NHS Foundation Trust A-Z Laboratory Tests"
"Cytomegalovirus anitviral resistance markers","Molecular Microbiology","laboratory","Manchester University NHS Foundation Trust A-Z Laboratory Tests"
"Cytomegalovirus viral load","Molecular Microbiology","laboratory","Manchester University NHS Foundation Trust A-Z Laboratory Tests"
"DHEA – sulphate","Biochemistry / Chemical Pathology","laboratory","Manchester University NHS Foundation Trust A-Z Laboratory Tests"
"Digoxin","Biochemistry / Chemical Pathology","laboratory","Manchester University NHS Foundation Trust A-Z Laboratory Tests"
"Diphtheria IgG antibody determination","Vaccine Serology","laboratory","Manchester University NHS Foundation Trust A-Z Laboratory Tests"
"Direct Antiglobulin Test","Haematology","laboratory","Manchester University NHS Foundation Trust A-Z Laboratory Tests"
"DNA Testing for the Haemoglobinopathies","Haematology","laboratory","Manchester University NHS Foundation Trust A-Z Laboratory Tests"
"Double Negative T Cell (DNT) panel","Immunology / Serology","laboratory","Manchester University NHS Foundation Trust A-Z Laboratory Tests"
"Double stranded DNA antibodies (IgG)","Immunology / Serology","laboratory","Manchester University NHS Foundation Trust A-Z Laboratory Tests"
"Dried blood spot Hepatitis B core antibody","Virology","laboratory","Manchester University NHS Foundation Trust A-Z Laboratory Tests"
"Dried blood spot Hepatitis B surface antigen","Virology","laboratory","Manchester University NHS Foundation Trust A-Z Laboratory Tests"
"Dried blood spot Hepatitis C antibody","Virology","laboratory","Manchester University NHS Foundation Trust A-Z Laboratory Tests"
"Dried blood spot Hepatitis C genotyping","Virology","laboratory","Manchester University NHS Foundation Trust A-Z Laboratory Tests"
"Dried blood spot Hepatitis C RNA screening","Virology","laboratory","Manchester University NHS Foundation Trust A-Z Laboratory Tests"
"Dried blood spot HIV Ag/Ab","Virology","laboratory","Manchester University NHS Foundation Trust A-Z Laboratory Tests"
"Dried blood spot Syphilis antibody","Virology","laboratory","Manchester University NHS Foundation Trust A-Z Laboratory Tests"
"Drugs of abuse (urine screen)","Biochemistry / Chemical Pathology","laboratory","Manchester University NHS Foundation Trust A-Z Laboratory Tests"
"Ear","Microbiology / Bacteriology","laboratory","Manchester University NHS Foundation Trust A-Z Laboratory Tests"
"EBNA","Virology","laboratory","Manchester University NHS Foundation Trust A-Z Laboratory Tests"
"EBV (EBNA)","Virology","laboratory","Manchester University NHS Foundation Trust A-Z Laboratory Tests"
"EBV (Epstein Barr Virus) viral load","Molecular Microbiology","laboratory","Manchester University NHS Foundation Trust A-Z Laboratory Tests"
"EBV VCA IgG – screening","Virology","laboratory","Manchester University NHS Foundation Trust A-Z Laboratory Tests"
"EBV VCA IgM – screening","Virology","laboratory","Manchester University NHS Foundation Trust A-Z Laboratory Tests"
"eGfR (estimated GfR)","Biochemistry / Chemical Pathology","laboratory","Manchester University NHS Foundation Trust A-Z Laboratory Tests"
"Ehrlichia IF (referral)","Virology","laboratory","Manchester University NHS Foundation Trust A-Z Laboratory Tests"
"Elastase (faeces)","Biochemistry / Chemical Pathology","laboratory","Manchester University NHS Foundation Trust A-Z Laboratory Tests"
"Electrolytes (urine)","Biochemistry / Chemical Pathology","laboratory","Manchester University NHS Foundation Trust A-Z Laboratory Tests"
"Electron microscopy","Histopathology / Anatomic Pathology","laboratory","Manchester University NHS Foundation Trust A-Z Laboratory Tests"
"EMA binding assay for Hereditary Spherocytosis","Immunology / Serology","laboratory","Manchester University NHS Foundation Trust A-Z Laboratory Tests"
"ENA antibodies includes: Ro (SS-A 52, SSA-60), La (SS-B), Sm, Sm/RNP, RNP (RNP A, RNP 68), Ribosomal P, Chromatin, Jo-1, and Scl-70","Immunology / Serology","laboratory","Manchester University NHS Foundation Trust A-Z Laboratory Tests"
"Entamoeba","Microbiology / Bacteriology","laboratory","Manchester University NHS Foundation Trust A-Z Laboratory Tests"
"Enteric Virus Panel","Virology","laboratory","Manchester University NHS Foundation Trust A-Z Laboratory Tests"
"Enterovirus and parechovirus PCR","Molecular Microbiology","laboratory","Manchester University NHS Foundation Trust A-Z Laboratory Tests"
"Enzyme histochemistry","Histopathology / Anatomic Pathology","laboratory","Manchester University NHS Foundation Trust A-Z Laboratory Tests"
"EPO","Haematology","laboratory","Manchester University NHS Foundation Trust A-Z Laboratory Tests"
"Epstein Barr Virus (EBNA) confirmation","Virology","laboratory","Manchester University NHS Foundation Trust A-Z Laboratory Tests"
"Epstein Barr Virus (EBV) IgG – screening","Virology","laboratory","Manchester University NHS Foundation Trust A-Z Laboratory Tests"
"Epstein Barr Virus (EBV) IgM – screening","Virology","laboratory","Manchester University NHS Foundation Trust A-Z Laboratory Tests"
"Epstein Barr Virus screening","Virology","laboratory","Manchester University NHS Foundation Trust A-Z Laboratory Tests"
"Erythropoietin","Haematology","laboratory","Manchester University NHS Foundation Trust A-Z Laboratory Tests"
"Ethanol (drinking alcohol)","Biochemistry / Chemical Pathology","laboratory","Manchester University NHS Foundation Trust A-Z Laboratory Tests"
"Eye","Microbiology / Bacteriology","laboratory","Manchester University NHS Foundation Trust A-Z Laboratory Tests"
"Factor II assay","Haematology","laboratory","Manchester University NHS Foundation Trust A-Z Laboratory Tests"
"Factor IX assay","Haematology","laboratory","Manchester University NHS Foundation Trust A-Z Laboratory Tests"
"Factor IX inhibitors","Haematology","laboratory","Manchester University NHS Foundation Trust A-Z Laboratory Tests"
"Factor V assay","Haematology","laboratory","Manchester University NHS Foundation Trust A-Z Laboratory Tests"
"Factor V Leiden Mutation screen","Haematology","laboratory","Manchester University NHS Foundation Trust A-Z Laboratory Tests"
"Factor VII assay","Haematology","laboratory","Manchester University NHS Foundation Trust A-Z Laboratory Tests"
"Factor VIII assay","Haematology","laboratory","Manchester University NHS Foundation Trust A-Z Laboratory Tests"
"Factor VIII inhibitors","Haematology","laboratory","Manchester University NHS Foundation Trust A-Z Laboratory Tests"
"Factor X assay","Haematology","laboratory","Manchester University NHS Foundation Trust A-Z Laboratory Tests"
"Factor XI assay","Haematology","laboratory","Manchester University NHS Foundation Trust A-Z Laboratory Tests"
"Factor XII assay","Haematology","laboratory","Manchester University NHS Foundation Trust A-Z Laboratory Tests"
"Faecal immunochemical testing","Biochemistry / Chemical Pathology","laboratory","Manchester University NHS Foundation Trust A-Z Laboratory Tests"
"Faecal reducing substances","Biochemistry / Chemical Pathology","laboratory","Manchester University NHS Foundation Trust A-Z Laboratory Tests"
"Faeces Bacteria/Parasite PCR – Serosep DX","Microbiology / Bacteriology","laboratory","Manchester University NHS Foundation Trust A-Z Laboratory Tests"
"Failing metal-on-metal prosthetic joints","Synovial Fluid Analysis","laboratory","Manchester University NHS Foundation Trust A-Z Laboratory Tests"
"Farmer’s lung precipitins","Immunology / Serology","laboratory","Manchester University NHS Foundation Trust A-Z Laboratory Tests"
"FBC","Haematology","laboratory","Manchester University NHS Foundation Trust A-Z Laboratory Tests"
"FDP D-Dimers","Haematology","laboratory","Manchester University NHS Foundation Trust A-Z Laboratory Tests"
"Features associated with ganglia","Synovial Fluid Analysis","laboratory","Manchester University NHS Foundation Trust A-Z Laboratory Tests"
"Features of Juvenile inflammatory arthropathy","Synovial Fluid Analysis","laboratory","Manchester University NHS Foundation Trust A-Z Laboratory Tests"
"Features of rheumatoid disease","Synovial Fluid Analysis","laboratory","Manchester University NHS Foundation Trust A-Z Laboratory Tests"
"Ferritin","Biochemistry / Chemical Pathology","laboratory","Manchester University NHS Foundation Trust A-Z Laboratory Tests"
"Fibrin Degradation Products","Haematology","laboratory","Manchester University NHS Foundation Trust A-Z Laboratory Tests"
"Fibrinogen","Haematology","laboratory","Manchester University NHS Foundation Trust A-Z Laboratory Tests"
"FIT","Biochemistry / Chemical Pathology","laboratory","Manchester University NHS Foundation Trust A-Z Laboratory Tests"
"Flucytosine","Mycology","laboratory","Manchester University NHS Foundation Trust A-Z Laboratory Tests"
"Fluids from Normally Sterile Sites","Microbiology / Bacteriology","laboratory","Manchester University NHS Foundation Trust A-Z Laboratory Tests"
"Folate (serum and red cell)","Biochemistry / Chemical Pathology","laboratory","Manchester University NHS Foundation Trust A-Z Laboratory Tests"
"Follicle stimulating hormone","Biochemistry / Chemical Pathology","laboratory","Manchester University NHS Foundation Trust A-Z Laboratory Tests"
"Free fatty acids","Biochemistry / Chemical Pathology","laboratory","Manchester University NHS Foundation Trust A-Z Laboratory Tests"
"Free Light Chains","Immunology / Serology","laboratory","Manchester University NHS Foundation Trust A-Z Laboratory Tests"
"Free T3","Biochemistry / Chemical Pathology","laboratory","Manchester University NHS Foundation Trust A-Z Laboratory Tests"
"Free T4","Biochemistry / Chemical Pathology","laboratory","Manchester University NHS Foundation Trust A-Z Laboratory Tests"
"Free thyroxine","Biochemistry / Chemical Pathology","laboratory","Manchester University NHS Foundation Trust A-Z Laboratory Tests"
"Free Tri-iodothyronine","Biochemistry / Chemical Pathology","laboratory","Manchester University NHS Foundation Trust A-Z Laboratory Tests"
"FSH","Biochemistry / Chemical Pathology","laboratory","Manchester University NHS Foundation Trust A-Z Laboratory Tests"
"Full blood count and automated differential","Haematology","laboratory","Manchester University NHS Foundation Trust A-Z Laboratory Tests"
"Functional antibody to Neisseria meningitidis serogroup B by Serum Bactericidal Antibody Assay (SBA)","Vaccine Serology","laboratory","Manchester University NHS Foundation Trust A-Z Laboratory Tests"
"Fungal beta D glucan assay","Mycology","laboratory","Manchester University NHS Foundation Trust A-Z Laboratory Tests"
"Fungi – Special Stain","Cytology","laboratory","Manchester University NHS Foundation Trust A-Z Laboratory Tests"
"G6PD Assay (if screen gives intermediate or reduced result)","Haematology","laboratory","Manchester University NHS Foundation Trust A-Z Laboratory Tests"
"G6PD Screen","Haematology","laboratory","Manchester University NHS Foundation Trust A-Z Laboratory Tests"
"GABAb receptor & AMPA receptor 1/2 antibodies","Immunology / Serology","laboratory","Manchester University NHS Foundation Trust A-Z Laboratory Tests"
"Galactomannan referral","Virology","laboratory","Manchester University NHS Foundation Trust A-Z Laboratory Tests"
"Gamma-glutamyl transferase","Biochemistry / Chemical Pathology","laboratory","Manchester University NHS Foundation Trust A-Z Laboratory Tests"
"Ganglioside Abs GM1","Immunology / Serology","laboratory","Manchester University NHS Foundation Trust A-Z Laboratory Tests"
"Ganglioside Abs GQ1b","Immunology / Serology","laboratory","Manchester University NHS Foundation Trust A-Z Laboratory Tests"
"Gases","Biochemistry / Chemical Pathology","laboratory","Manchester University NHS Foundation Trust A-Z Laboratory Tests"
"Gastric Biopsies for Helicobacter pylori","Microbiology / Bacteriology","laboratory","Manchester University NHS Foundation Trust A-Z Laboratory Tests"
"Gastric Parietal Cell (GPC)","Immunology / Serology","laboratory","Manchester University NHS Foundation Trust A-Z Laboratory Tests"
"Genital specimens for culture","Microbiology / Bacteriology","laboratory","Manchester University NHS Foundation Trust A-Z Laboratory Tests"
"Gentamicin","Biochemistry / Chemical Pathology","laboratory","Manchester University NHS Foundation Trust A-Z Laboratory Tests"
"GGT","Biochemistry / Chemical Pathology","laboratory","Manchester University NHS Foundation Trust A-Z Laboratory Tests"
"Giardia lamblia","Microbiology / Bacteriology","laboratory","Manchester University NHS Foundation Trust A-Z Laboratory Tests"
"Glandular fever screening test","Haematology","laboratory","Manchester University NHS Foundation Trust A-Z Laboratory Tests"
"Glomerular basement membrane antibodies","Immunology / Serology","laboratory","Manchester University NHS Foundation Trust A-Z Laboratory Tests"
"Glucose","Biochemistry / Chemical Pathology","laboratory","Manchester University NHS Foundation Trust A-Z Laboratory Tests"
"Glutamic Acid Decarboxylase Antibodies","Immunology / Serology","laboratory","Manchester University NHS Foundation Trust A-Z Laboratory Tests"
"Glycated Haemoglobin","Biochemistry / Chemical Pathology","laboratory","Manchester University NHS Foundation Trust A-Z Laboratory Tests"
"Glycogen – Special Stain","Cytology","laboratory","Manchester University NHS Foundation Trust A-Z Laboratory Tests"
"Gout (urate crystals)","Synovial Fluid Analysis","laboratory","Manchester University NHS Foundation Trust A-Z Laboratory Tests"
"GPC","Immunology / Serology","laboratory","Manchester University NHS Foundation Trust A-Z Laboratory Tests"
"Gram +ve/-ve sepsis","Synovial Fluid Analysis","laboratory","Manchester University NHS Foundation Trust A-Z Laboratory Tests"
"Growth Hormone","Biochemistry / Chemical Pathology","laboratory","Manchester University NHS Foundation Trust A-Z Laboratory Tests"
"Haematinics – Serum intrinisic factor antibodies","Haematology","laboratory","Manchester University NHS Foundation Trust A-Z Laboratory Tests"
"Haemochromatosis C282Y, H63D and S65C genotyping","Haematology","laboratory","Manchester University NHS Foundation Trust A-Z Laboratory Tests"
"Haemoglobinopathy Screening","Haematology","laboratory","Manchester University NHS Foundation Trust A-Z Laboratory Tests"
"Haemophilius influenze type b antibody","Vaccine Serology","laboratory","Manchester University NHS Foundation Trust A-Z Laboratory Tests"
"Haptoglobulin Estimation","Haematology","laboratory","Manchester University NHS Foundation Trust A-Z Laboratory Tests"
"HAV","Virology","laboratory","Manchester University NHS Foundation Trust A-Z Laboratory Tests"
"HbA1c","Biochemistry / Chemical Pathology","laboratory","Manchester University NHS Foundation Trust A-Z Laboratory Tests"
"HbS Screening Test – Urgent/pre-operative (Pts >1 yr Old)","Haematology","laboratory","Manchester University NHS Foundation Trust A-Z Laboratory Tests"
"HBsAg","Virology","laboratory","Manchester University NHS Foundation Trust A-Z Laboratory Tests"
"HBV confirmation","Virology","laboratory","Manchester University NHS Foundation Trust A-Z Laboratory Tests"
"HBV core antibodies","Virology","laboratory","Manchester University NHS Foundation Trust A-Z Laboratory Tests"
"HBV core antibody – Dried Blood Spot","Virology","laboratory","Manchester University NHS Foundation Trust A-Z Laboratory Tests"
"HBV core IgM","Virology","laboratory","Manchester University NHS Foundation Trust A-Z Laboratory Tests"
"HBV resistance markers","Molecular Microbiology","laboratory","Manchester University NHS Foundation Trust A-Z Laboratory Tests"
"HBV surface antibody","Virology","laboratory","Manchester University NHS Foundation Trust A-Z Laboratory Tests"
"HCG blood (pregnancy and as tumour marker)","Biochemistry / Chemical Pathology","laboratory","Manchester University NHS Foundation Trust A-Z Laboratory Tests"
"HCV genotyping","Molecular Microbiology","laboratory","Manchester University NHS Foundation Trust A-Z Laboratory Tests"
"Helicobacter pylori","Microbiology / Bacteriology","laboratory","Manchester University NHS Foundation Trust A-Z Laboratory Tests"
"Helicobacter pylori in Gastric Biopsies","Microbiology / Bacteriology","laboratory","Manchester University NHS Foundation Trust A-Z Laboratory Tests"
"Heparin control","Haematology","laboratory","Manchester University NHS Foundation Trust A-Z Laboratory Tests"
"Hepatitis A total antibody (IgG and IgM)","Virology","laboratory","Manchester University NHS Foundation Trust A-Z Laboratory Tests"
"Hepatitis A virus (HAV) IgM","Virology","laboratory","Manchester University NHS Foundation Trust A-Z Laboratory Tests"
"Hepatitis B (HBV) confirmation","Virology","laboratory","Manchester University NHS Foundation Trust A-Z Laboratory Tests"
"Hepatitis B (HBV) core antibodies","Virology","laboratory","Manchester University NHS Foundation Trust A-Z Laboratory Tests"
"Hepatitis B (HBV) core antibody – Dried Blood Spot","Virology","laboratory","Manchester University NHS Foundation Trust A-Z Laboratory Tests"
"Hepatitis B (HBV) core IgM (anti-HBc IgM)","Virology","laboratory","Manchester University NHS Foundation Trust A-Z Laboratory Tests"
"Hepatitis B (HBV) surface antibody (Anti-HBs)","Virology","laboratory","Manchester University NHS Foundation Trust A-Z Laboratory Tests"
"Hepatitis B (HBV) surface antigen (HBsAg)","Virology","laboratory","Manchester University NHS Foundation Trust A-Z Laboratory Tests"
"Hepatitis B (HBV) surface antigen (HBsAg) – Dried Blood Spot","Virology","laboratory","Manchester University NHS Foundation Trust A-Z Laboratory Tests"
"Hepatitis B e antibody","Virology","laboratory","Manchester University NHS Foundation Trust A-Z Laboratory Tests"
"Hepatitis B e antigen","Virology","laboratory","Manchester University NHS Foundation Trust A-Z Laboratory Tests"
"Hepatitis B virus (HBV) e antigen (HBeAg) and e antibody (Anti-HBe)","Virology","laboratory","Manchester University NHS Foundation Trust A-Z Laboratory Tests"
"Hepatitis B virus Genotyping and Resistance Markers","Molecular Microbiology","laboratory","Manchester University NHS Foundation Trust A-Z Laboratory Tests"
"Hepatitis B virus viral load","Microbiology","laboratory","Manchester University NHS Foundation Trust A-Z Laboratory Tests"
"Hepatitis C antibody (HCV) screen and confirmation","Virology","laboratory","Manchester University NHS Foundation Trust A-Z Laboratory Tests"
"Hepatitis C antibody (HCV) screen and confirmation – Dried Blood Spot","Virology","laboratory","Manchester University NHS Foundation Trust A-Z Laboratory Tests"
"Hepatitis C qualitative PCR and genotype if HCV antibody is reactive – Dried Blood Spot","Virology","laboratory","Manchester University NHS Foundation Trust A-Z Laboratory Tests"
"Hepatitis C viral load","Molecular Microbiology","laboratory","Manchester University NHS Foundation Trust A-Z Laboratory Tests"
"Hepatitis D (delta) antibody","Virology","laboratory","Manchester University NHS Foundation Trust A-Z Laboratory Tests"
"Hepatitis E IgG (referral)","Virology","laboratory","Manchester University NHS Foundation Trust A-Z Laboratory Tests"
"Hepatitis E IgM","Virology","laboratory","Manchester University NHS Foundation Trust A-Z Laboratory Tests"
"Herpes simplex 1/2 antibody (IgG type specific, Total IgM and Total IgG)","Virology","laboratory","Manchester University NHS Foundation Trust A-Z Laboratory Tests"
"Herpes simplex virus types 1 and 2 PCR","Molecular Microbiology","laboratory","Manchester University NHS Foundation Trust A-Z Laboratory Tests"
"HFE","Haematology","laboratory","Manchester University NHS Foundation Trust A-Z Laboratory Tests"
"hGH","Biochemistry / Chemical Pathology","laboratory","Manchester University NHS Foundation Trust A-Z Laboratory Tests"
"HHV6 & 7 PCR","Molecular Microbiology","laboratory","Manchester University NHS Foundation Trust A-Z Laboratory Tests"
"High Risk HPV Test of Cure","Gynaecological Cytology","laboratory","Manchester University NHS Foundation Trust A-Z Laboratory Tests"
"High Risk HPV triage","Gynaecological Cytology","laboratory","Manchester University NHS Foundation Trust A-Z Laboratory Tests"
"Histone Abs","Immunology / Serology","laboratory","Manchester University NHS Foundation Trust A-Z Laboratory Tests"
"Histopathology – Paediatric Histopathology","Histopathology / Anatomic Pathology","laboratory","Manchester University NHS Foundation Trust A-Z Laboratory Tests"
"Histopathology – Routine (adult) Histopathology","Histopathology / Anatomic Pathology","laboratory","Manchester University NHS Foundation Trust A-Z Laboratory Tests"
"Histoplasma (referral)","Virology","laboratory","Manchester University NHS Foundation Trust A-Z Laboratory Tests"
"HIV 1 and 2 antibody and p24 antigen screen – Dried Blood Spot","Virology","laboratory","Manchester University NHS Foundation Trust A-Z Laboratory Tests"
"HIV confirmation (screen test plus at least two further tests for HIV 1/2) Virology","Virology","laboratory","Manchester University NHS Foundation Trust A-Z Laboratory Tests"
"HIV p24 antigen Virology","Virology","laboratory","Manchester University NHS Foundation Trust A-Z Laboratory Tests"
"HIV resistance, integrase, tropism Molecular Microbiology","Molecular Microbiology","laboratory","Manchester University NHS Foundation Trust A-Z Laboratory Tests"
"HIV screen (4th generation: HIV1 and 2 antibody and p24 antigen)","Virology","laboratory","Manchester University NHS Foundation Trust A-Z Laboratory Tests"
"HIV-1 viral load","Molecular Microbiology","laboratory","Manchester University NHS Foundation Trust A-Z Laboratory Tests"
"HTLV 1 and 2 antibody","Virology","laboratory","Manchester University NHS Foundation Trust A-Z Laboratory Tests"
"Human Chorionic Gonadotrophin","Biochemistry / Chemical Pathology","laboratory","Manchester University NHS Foundation Trust A-Z Laboratory Tests"
"Human Herpes virus 6 & 7","Molecular Microbiology","laboratory","Manchester University NHS Foundation Trust A-Z Laboratory Tests"
"Human Papilloma Virus Screening","Molecular Microbiology","laboratory","Manchester University NHS Foundation Trust A-Z Laboratory Tests"
"Human Parvovirus B19 IgG","Virology","laboratory","Manchester University NHS Foundation Trust A-Z Laboratory Tests"
"Human Parvovirus B19 IgM","Virology","laboratory","Manchester University NHS Foundation Trust A-Z Laboratory Tests"
"Human Parvovirus B19 viral load","Molecular Microbiology","laboratory","Manchester University NHS Foundation Trust A-Z Laboratory Tests"
"Human T Lymphotropic virus (HTLV) 1 and 2","Virology","laboratory","Manchester University NHS Foundation Trust A-Z Laboratory Tests"
"IA2","Immunology / Serology","laboratory","Manchester University NHS Foundation Trust A-Z Laboratory Tests"
"IgE (Total)","Immunology / Serology","laboratory","Manchester University NHS Foundation Trust A-Z Laboratory Tests"
"IGF-1","Biochemistry / Chemical Pathology","laboratory","Manchester University NHS Foundation Trust A-Z Laboratory Tests"
"IGFBP-3","Biochemistry / Chemical Pathology","laboratory","Manchester University NHS Foundation Trust A-Z Laboratory Tests"
"IgG subclasses","Immunology / Serology","laboratory","Manchester University NHS Foundation Trust A-Z Laboratory Tests"
"Immunocytochemistry","Cytology","laboratory","Manchester University NHS Foundation Trust A-Z Laboratory Tests"
"Immunodeficiency (T&B Lymphocyte Subsets)","Immunology / Serology","laboratory","Manchester University NHS Foundation Trust A-Z Laboratory Tests"
"Immunofluorescence Histopathology","Histopathology / Anatomic Pathology","laboratory","Manchester University NHS Foundation Trust A-Z Laboratory Tests"
"Immunoglobulin D, IgD","Immunology / Serology","laboratory","Manchester University NHS Foundation Trust A-Z Laboratory Tests"
"Immunoglobulins (IgG, IgA, IgM)","Immunology / Serology","laboratory","Manchester University NHS Foundation Trust A-Z Laboratory Tests"
"Inflammatory/non-inflammatory bursitis","Synovial Fluid Analysis","laboratory","Manchester University NHS Foundation Trust A-Z Laboratory Tests"
"INR","Haematology","laboratory","Manchester University NHS Foundation Trust A-Z Laboratory Tests"
"Insulin","Biochemistry / Chemical Pathology","laboratory","Manchester University NHS Foundation Trust A-Z Laboratory Tests"
"Insulin Antibodies","Immunology / Serology","laboratory","Manchester University NHS Foundation Trust A-Z Laboratory Tests"
"Insulin-like Growth Factor 1","Biochemistry / Chemical Pathology","laboratory","Manchester University NHS Foundation Trust A-Z Laboratory Tests"
"Insulin-like Growth Factor Binding Protein 3","Biochemistry / Chemical Pathology","laboratory","Manchester University NHS Foundation Trust A-Z Laboratory Tests"
"Intravascular cannulae","Microbiology / Bacteriology","laboratory","Manchester University NHS Foundation Trust A-Z Laboratory Tests"
"Invasive infection with Aspergillus","Molecular Microbiology","laboratory","Manchester University NHS Foundation Trust A-Z Laboratory Tests"
"Invasive infection with Candida","Molecular Microbiology","laboratory","Manchester University NHS Foundation Trust A-Z Laboratory Tests"
"Iron","Biochemistry / Chemical Pathology","laboratory","Manchester University NHS Foundation Trust A-Z Laboratory Tests"
"JC virus PCR","Molecular Microbiology","laboratory","Manchester University NHS Foundation Trust A-Z Laboratory Tests"
"Jejunal Disaccharidases","Biochemistry / Chemical Pathology","laboratory","Manchester University NHS Foundation Trust A-Z Laboratory Tests"
"Joint fluids","Microbiology / Bacteriology","laboratory","Manchester University NHS Foundation Trust A-Z Laboratory Tests"
"Lactate","Biochemistry / Chemical Pathology","laboratory","Manchester University NHS Foundation Trust A-Z Laboratory Tests"
"Lactate Dehydrogenase (LDH)","Biochemistry / Chemical Pathology","laboratory","Manchester University NHS Foundation Trust A-Z Laboratory Tests"
"Lamotrigine","Biochemistry / Chemical Pathology","laboratory","Manchester University NHS Foundation Trust A-Z Laboratory Tests"
"Legionella urinary antigen detection","Virology","laboratory","Manchester University NHS Foundation Trust A-Z Laboratory Tests"
"Leptospira (referral)","Virology","laboratory","Manchester University NHS Foundation Trust A-Z Laboratory Tests"
"Leukocyte Adhesion Deficiency (LAD) Markers","Immunology / Serology","laboratory","Manchester University NHS Foundation Trust A-Z Laboratory Tests"
"LH","Biochemistry / Chemical Pathology","laboratory","Manchester University NHS Foundation Trust A-Z Laboratory Tests"
"Lipase (blood and fluid)","Biochemistry / Chemical Pathology","laboratory","Manchester University NHS Foundation Trust A-Z Laboratory Tests"
"Lipid profile incl. total cholesterol, LDL, HDL, triglyceride","Biochemistry / Chemical Pathology","laboratory","Manchester University NHS Foundation Trust A-Z Laboratory Tests"
"Lithium (serum)","Biochemistry / Chemical Pathology","laboratory","Manchester University NHS Foundation Trust A-Z Laboratory Tests"
"Liver FNA","Cytology","laboratory","Manchester University NHS Foundation Trust A-Z Laboratory Tests"
"Liver Function Tests","Biochemistry / Chemical Pathology","laboratory","Manchester University NHS Foundation Trust A-Z Laboratory Tests"
"Liver Kidney Microsomal (LKM)","Immunology / Serology","laboratory","Manchester University NHS Foundation Trust A-Z Laboratory Tests"
"LKM","Immunology / Serology","laboratory","Manchester University NHS Foundation Trust A-Z Laboratory Tests"
"L-Selectin Shedding assay","Immunology / Serology","laboratory","Manchester University NHS Foundation Trust A-Z Laboratory Tests"
"Lung FNA","Cytology","laboratory","Manchester University NHS Foundation Trust A-Z Laboratory Tests"
"Lupus anticoagulant","Haematology","laboratory","Manchester University NHS Foundation Trust A-Z Laboratory Tests"
"Luteinising Hormone","Biochemistry / Chemical Pathology","laboratory","Manchester University NHS Foundation Trust A-Z Laboratory Tests"
"Lyme Disease","Virology","laboratory","Manchester University NHS Foundation Trust A-Z Laboratory Tests"
"Lymph node FNA","Cytology","laboratory","Manchester University NHS Foundation Trust A-Z Laboratory Tests"
"MAG","Immunology / Serology","laboratory","Manchester University NHS Foundation Trust A-Z Laboratory Tests"
"Magnesium (Blood and Urine)","Biochemistry / Chemical Pathology","laboratory","Manchester University NHS Foundation Trust A-Z Laboratory Tests"
"Malarial parasites, detection of","Haematology","laboratory","Manchester University NHS Foundation Trust A-Z Laboratory Tests"
"Mannose Binding Lectins","Immunology / Serology","laboratory","Manchester University NHS Foundation Trust A-Z Laboratory Tests"
"Manual blood film","Haematology","laboratory","Manchester University NHS Foundation Trust A-Z Laboratory Tests"
"Mast Cell Tryptase","Immunology / Serology","laboratory","Manchester University NHS Foundation Trust A-Z Laboratory Tests"
"Measles IgG","Virology","laboratory","Manchester University NHS Foundation Trust A-Z Laboratory Tests"
"Measles IgM","Virology","laboratory","Manchester University NHS Foundation Trust A-Z Laboratory Tests"
"Measles virus PCR","Virology","laboratory","Manchester University NHS Foundation Trust A-Z Laboratory Tests"
"Mediastinal mass FNA","Cytology","laboratory","Manchester University NHS Foundation Trust A-Z Laboratory Tests"
"Meningococcal DNA detection by PCR (multiplex with Pneumococcal DNA PCR)","Molecular Microbiology","laboratory","Manchester University NHS Foundation Trust A-Z Laboratory Tests"
"Metadrenalines","Biochemistry / Chemical Pathology","laboratory","Manchester University NHS Foundation Trust A-Z Laboratory Tests"
"Met-haemoglobin","Biochemistry / Chemical Pathology","laboratory","Manchester University NHS Foundation Trust A-Z Laboratory Tests"
"Methotrexate","Biochemistry / Chemical Pathology","laboratory","Manchester University NHS Foundation Trust A-Z Laboratory Tests"
"Mitochondrial antibodies","Immunology / Serology","laboratory","Manchester University NHS Foundation Trust A-Z Laboratory Tests"
"MOG","Immunology / Serology","laboratory","Manchester University NHS Foundation Trust A-Z Laboratory Tests"
"Mouth swab","Microbiology / Bacteriology","laboratory","Manchester University NHS Foundation Trust A-Z Laboratory Tests"
"MPO","Immunology / Serology","laboratory","Manchester University NHS Foundation Trust A-Z Laboratory Tests"
"Mpox/Orthopox PCR","Virology","laboratory","Manchester University NHS Foundation Trust A-Z Laboratory Tests"
"MRSA","Microbiology / Bacteriology","laboratory","Manchester University NHS Foundation Trust A-Z Laboratory Tests"
"Mucin – Special Stain","Cytology","laboratory","Manchester University NHS Foundation Trust A-Z Laboratory Tests"
"Mumps IgG","Virology","laboratory","Manchester University NHS Foundation Trust A-Z Laboratory Tests"
"Mumps IgM","Virology","laboratory","Manchester University NHS Foundation Trust A-Z Laboratory Tests"
"Muscle Specific Tyrosine Kinase (MUSK)","Immunology / Serology","laboratory","Manchester University NHS Foundation Trust A-Z Laboratory Tests"
"MUSK","Immunology / Serology","laboratory","Manchester University NHS Foundation Trust A-Z Laboratory Tests"
"Mycobacteria – microscopy/culture","Microbiology / Bacteriology","laboratory","Manchester University NHS Foundation Trust A-Z Laboratory Tests"
"Mycobacterium PCR","Microbiology / Bacteriology","laboratory","Manchester University NHS Foundation Trust A-Z Laboratory Tests"
"Mycoplasma PCR","Molecular Microbiology","laboratory","Manchester University NHS Foundation Trust A-Z Laboratory Tests"
"Myelin Associated Glycoprotein (MAG)","Immunology / Serology","laboratory","Manchester University NHS Foundation Trust A-Z Laboratory Tests"
"Myeloperoxidase (MPO) antibodies","Immunology / Serology","laboratory","Manchester University NHS Foundation Trust A-Z Laboratory Tests"
"Myositis Antibodies","Immunology / Serology","laboratory","Manchester University NHS Foundation Trust A-Z Laboratory Tests"
"Naïve Memory and Effector T Cell Subsets","Immunology / Serology","laboratory","Manchester University NHS Foundation Trust A-Z Laboratory Tests"
"Neck FNA","Cytology","laboratory","Manchester University NHS Foundation Trust A-Z Laboratory Tests"
"Neisseria meningitidis isolate characterisation","Reference Microbiology","laboratory","Manchester University NHS Foundation Trust A-Z Laboratory Tests"
"Neisseria meningitidis: Functional antibody to serogroup B by Serum Bactericidal Antibody Assay (SBA)","Vaccine Serology","laboratory","Manchester University NHS Foundation Trust A-Z Laboratory Tests"
"Neisseria meningitidis: Functional antibody to serogroups A, C, W and Y by internationally standardised serum bactericidal antibody assays","Vaccine Serology","laboratory","Manchester University NHS Foundation Trust A-Z Laboratory Tests"
"Neisseria meningitidis: Minimum inhibitory concentration","Reference Microbiology","laboratory","Manchester University NHS Foundation Trust A-Z Laboratory Tests"
"Neisseria meningitidis: Serogrouping and outer membrane typing","Reference Microbiology","laboratory","Manchester University NHS Foundation Trust A-Z Laboratory Tests"
"Neutrophil Function (DHR) Test","Immunology / Serology","laboratory","Manchester University NHS Foundation Trust A-Z Laboratory Tests"
"NMDA – N-methyl-D-aspartate receptor antibodies","Immunology / Serology","laboratory","Manchester University NHS Foundation Trust A-Z Laboratory Tests"
"Non-specific inflammatory arthropathies","Synovial Fluid Analysis","laboratory","Manchester University NHS Foundation Trust A-Z Laboratory Tests"
"Non-specific non-inflammatory arthropathies","Synovial Fluid Analysis","laboratory","Manchester University NHS Foundation Trust A-Z Laboratory Tests"
"Norovirus PCR","Molecular Microbiology","laboratory","Manchester University NHS Foundation Trust A-Z Laboratory Tests"
"Nose Swab","Microbiology / Bacteriology","laboratory","Manchester University NHS Foundation Trust A-Z Laboratory Tests"
"NT-proBNP","Biochemistry / Chemical Pathology","laboratory","Manchester University NHS Foundation Trust A-Z Laboratory Tests"
"Oesophageal brushings","Cytology","laboratory","Manchester University NHS Foundation Trust A-Z Laboratory Tests"
"Oestradiol","Biochemistry / Chemical Pathology","laboratory","Manchester University NHS Foundation Trust A-Z Laboratory Tests"
"Oral Anticoagulant Control (INR)","Haematology","laboratory","Manchester University NHS Foundation Trust A-Z Laboratory Tests"
"Orosomucoid","Biochemistry / Chemical Pathology","laboratory","Manchester University NHS Foundation Trust A-Z Laboratory Tests"
"Osmolality (Blood and Urine)","Biochemistry / Chemical Pathology","laboratory","Manchester University NHS Foundation Trust A-Z Laboratory Tests"
"Osmolar Gap (calculated as: calculated osmolality – measured osmolality. Calculated osmolality is 2 x (Na + K) + glucose + urea)","Biochemistry / Chemical Pathology","laboratory","Manchester University NHS Foundation Trust A-Z Laboratory Tests"
"Osteoarthritis","Synovial Fluid Analysis","laboratory","Manchester University NHS Foundation Trust A-Z Laboratory Tests"
"Ova, Cysts and Parasites","Microbiology / Bacteriology","laboratory","Manchester University NHS Foundation Trust A-Z Laboratory Tests"
"Ovarian cyst FNA","Cytology","laboratory","Manchester University NHS Foundation Trust A-Z Laboratory Tests"
"Ovary antibodies","Immunology / Serology","laboratory","Manchester University NHS Foundation Trust A-Z Laboratory Tests"
"P1NP","Biochemistry / Chemical Pathology","laboratory","Manchester University NHS Foundation Trust A-Z Laboratory Tests"
"P3NP","Biochemistry / Chemical Pathology","laboratory","Manchester University NHS Foundation Trust A-Z Laboratory Tests"
"Pancreatic FNA","Cytology","laboratory","Manchester University NHS Foundation Trust A-Z Laboratory Tests"
"Paracetamol","Biochemistry / Chemical Pathology","laboratory","Manchester University NHS Foundation Trust A-Z Laboratory Tests"
"Paraneoplastic Neuronal Antibodies","Immunology / Serology","laboratory","Manchester University NHS Foundation Trust A-Z Laboratory Tests"
"Parasites","Microbiology / Bacteriology","laboratory","Manchester University NHS Foundation Trust A-Z Laboratory Tests"
"Paratesticular FNA","Cytology","laboratory","Manchester University NHS Foundation Trust A-Z Laboratory Tests"
"Parathyroid hormone","Biochemistry / Chemical Pathology","laboratory","Manchester University NHS Foundation Trust A-Z Laboratory Tests"
"Parvovirus B19 IgG","Virology","laboratory","Manchester University NHS Foundation Trust A-Z Laboratory Tests"
"Parvovirus B19 IgM","Virology","laboratory","Manchester University NHS Foundation Trust A-Z Laboratory Tests"
"Parvovirus B19 viral load","Molecular Microbiology","laboratory","Manchester University NHS Foundation Trust A-Z Laboratory Tests"
"Perinatal post mortems","Histopathology / Anatomic Pathology","laboratory","Manchester University NHS Foundation Trust A-Z Laboratory Tests"
"Peritoneal fluid","Cytology","laboratory","Manchester University NHS Foundation Trust A-Z Laboratory Tests"
"Peritoneal Fluids","Microbiology / Bacteriology","laboratory","Manchester University NHS Foundation Trust A-Z Laboratory Tests"
"Peritoneal washings","Cytology","laboratory","Manchester University NHS Foundation Trust A-Z Laboratory Tests"
"Pernasal swab (for pertussis)","Microbiology / Bacteriology","laboratory","Manchester University NHS Foundation Trust A-Z Laboratory Tests"
"pH (blood and urine)","Biochemistry / Chemical Pathology","laboratory","Manchester University NHS Foundation Trust A-Z Laboratory Tests"
"Phenobarbitone","Biochemistry / Chemical Pathology","laboratory","Manchester University NHS Foundation Trust A-Z Laboratory Tests"
"Phenytoin","Biochemistry / Chemical Pathology","laboratory","Manchester University NHS Foundation Trust A-Z Laboratory Tests"
"Phosphate (blood and urine)","Biochemistry / Chemical Pathology","laboratory","Manchester University NHS Foundation Trust A-Z Laboratory Tests"
"PIIINP","Biochemistry / Chemical Pathology","laboratory","Manchester University NHS Foundation Trust A-Z Laboratory Tests"
"PLA2R Antibodies","Immunology / Serology","laboratory","Manchester University NHS Foundation Trust A-Z Laboratory Tests"
"Plasma viscosity","Haematology","laboratory","Manchester University NHS Foundation Trust A-Z Laboratory Tests"
"Platelet Glycoprotein Expression","Immunology / Serology","laboratory","Manchester University NHS Foundation Trust A-Z Laboratory Tests"
"Platelets Aggregation Studies","Haematology","laboratory","Manchester University NHS Foundation Trust A-Z Laboratory Tests"
"Pleural fluid","Cytology","laboratory","Manchester University NHS Foundation Trust A-Z Laboratory Tests"
"PLGF","Biochemistry / Chemical Pathology","laboratory","Manchester University NHS Foundation Trust A-Z Laboratory Tests"
"Pneumococcal PCR","Molecular Microbiology","laboratory","Manchester University NHS Foundation Trust A-Z Laboratory Tests"
"Pneumococcal serotype-specific IgG","Vaccine Serology","laboratory","Manchester University NHS Foundation Trust A-Z Laboratory Tests"
"Pneumococcal urinary antigen detection","Virology","laboratory","Manchester University NHS Foundation Trust A-Z Laboratory Tests"
"Pneumocystis jirovecii PCR","Molecular Microbiology","laboratory","Manchester University NHS Foundation Trust A-Z Laboratory Tests"
"Polyoma viruses (BK)","Molecular Microbiology","laboratory","Manchester University NHS Foundation Trust A-Z Laboratory Tests"
"Polysaccharide antigen detection","Reference Microbiology","laboratory","Manchester University NHS Foundation Trust A-Z Laboratory Tests"
"Post Trachelectomy Cytology","Gynaecological Cytology","laboratory","Manchester University NHS Foundation Trust A-Z Laboratory Tests"
"Potassium","Biochemistry / Chemical Pathology","laboratory","Manchester University NHS Foundation Trust A-Z Laboratory Tests"
"PR3 autoantibodies (cANCA)","Immunology / Serology","laboratory","Manchester University NHS Foundation Trust A-Z Laboratory Tests"
"Pregnancy test (blood)","Biochemistry / Chemical Pathology","laboratory","Manchester University NHS Foundation Trust A-Z Laboratory Tests"
"Procalcitonin","Biochemistry / Chemical Pathology","laboratory","Manchester University NHS Foundation Trust A-Z Laboratory Tests"
"Procollagen III Peptide","Biochemistry / Chemical Pathology","laboratory","Manchester University NHS Foundation Trust A-Z Laboratory Tests"
"Progesterone","Biochemistry / Chemical Pathology","laboratory","Manchester University NHS Foundation Trust A-Z Laboratory Tests"
"Prolactin","Biochemistry / Chemical Pathology","laboratory","Manchester University NHS Foundation Trust A-Z Laboratory Tests"
"Prostate Specific Antigen","Biochemistry / Chemical Pathology","laboratory","Manchester University NHS Foundation Trust A-Z Laboratory Tests"
"Protein C","Haematology","laboratory","Manchester University NHS Foundation Trust A-Z Laboratory Tests"
"Protein creatinine ratio (urine)","Biochemistry / Chemical Pathology","laboratory","Manchester University NHS Foundation Trust A-Z Laboratory Tests"
"Protein S","Haematology","laboratory","Manchester University NHS Foundation Trust A-Z Laboratory Tests"
"Prothrombin time","Haematology","laboratory","Manchester University NHS Foundation Trust A-Z Laboratory Tests"
"Prothrombin G20210A Mutation screen","Haematology","laboratory","Manchester University NHS Foundation Trust A-Z Laboratory Tests"
"Pseudogout (pyrophosphate crystals)","Synovial Fluid Analysis","laboratory","Manchester University NHS Foundation Trust A-Z Laboratory Tests"
"PTH","Biochemistry / Chemical Pathology","laboratory","Manchester University NHS Foundation Trust A-Z Laboratory Tests"
"Pus","Microbiology / Bacteriology","laboratory","Manchester University NHS Foundation Trust A-Z Laboratory Tests"
"PVIS","Haematology","laboratory","Manchester University NHS Foundation Trust A-Z Laboratory Tests"
"Q Fever Serology and PCR (referral)","Virology","laboratory","Manchester University NHS Foundation Trust A-Z Laboratory Tests"
"Quiescent gout (urate crystals)","Synovial Fluid Analysis","laboratory","Manchester University NHS Foundation Trust A-Z Laboratory Tests"
"Rapid/routine Carbapenemase-Producing Enterobacteriaceae (CPE) Screen","Microbiology / Bacteriology","laboratory","Manchester University NHS Foundation Trust A-Z Laboratory Tests"
"Reducing substances (faeces only)","Biochemistry / Chemical Pathology","laboratory","Manchester University NHS Foundation Trust A-Z Laboratory Tests"
"Renal FNA","Cytology","laboratory","Manchester University NHS Foundation Trust A-Z Laboratory Tests"
"Renin concentration","Biochemistry / Chemical Pathology","laboratory","Manchester University NHS Foundation Trust A-Z Laboratory Tests"
"Resin embedding/thin sectioning Electron Microscopy","Histopathology / Anatomic Pathology","laboratory","Manchester University NHS Foundation Trust A-Z Laboratory Tests"
"Respiratory screen","Molecular Microbiology","laboratory","Manchester University NHS Foundation Trust A-Z Laboratory Tests"
"Respiratory specimens","Microbiology / Bacteriology","laboratory","Manchester University NHS Foundation Trust A-Z Laboratory Tests"
"Respiratory virus PCR","Molecular Microbiology","laboratory","Manchester University NHS Foundation Trust A-Z Laboratory Tests"
"Reticulocyte count","Haematology","laboratory","Manchester University NHS Foundation Trust A-Z Laboratory Tests"
"Retroperitoneal mass FNA","Cytology","laboratory","Manchester University NHS Foundation Trust A-Z Laboratory Tests"
"Rheumatoid factor","Immunology / Serology","laboratory","Manchester University NHS Foundation Trust A-Z Laboratory Tests"
"Ribosomal","Immunology / Serology","laboratory","Manchester University NHS Foundation Trust A-Z Laboratory Tests"
"RIPA","Haematology","laboratory","Manchester University NHS Foundation Trust A-Z Laboratory Tests"
"Ristocetin induced platelet aggregation (RIPA)","Haematology","laboratory","Manchester University NHS Foundation Trust A-Z Laboratory Tests"
"Rotavirus PCR – enteric","Molecular Microbiology","laboratory","Manchester University NHS Foundation Trust A-Z Laboratory Tests"
"Routine haemoglobinopathy screening","Haematology","laboratory","Manchester University NHS Foundation Trust A-Z Laboratory Tests"
"Rubella Avidity (referral)","Virology","laboratory","Manchester University NHS Foundation Trust A-Z Laboratory Tests"
"Rubella IgG","Virology","laboratory","Manchester University NHS Foundation Trust A-Z Laboratory Tests"
"Rubella IgM","Virology","laboratory","Manchester University NHS Foundation Trust A-Z Laboratory Tests"
"Salicylate","Biochemistry / Chemical Pathology","laboratory","Manchester University NHS Foundation Trust A-Z Laboratory Tests"
"Salivary gland FNA","Cytology","laboratory","Manchester University NHS Foundation Trust A-Z Laboratory Tests"
"Sapovirus PCR – enteric","Molecular Microbiology","laboratory","Manchester University NHS Foundation Trust A-Z Laboratory Tests"
"Schistosoma haematobium","Microbiology / Bacteriology","laboratory","Manchester University NHS Foundation Trust A-Z Laboratory Tests"
"Selenium","Biochemistry / Chemical Pathology","laboratory","Manchester University NHS Foundation Trust A-Z Laboratory Tests"
"Sero-negative arthropathies","Synovial Fluid Analysis","laboratory","Manchester University NHS Foundation Trust A-Z Laboratory Tests"
"Sero-negative spondylarthropathies","Synovial Fluid Analysis","laboratory","Manchester University NHS Foundation Trust A-Z Laboratory Tests"
"Serum 17-hydroxyprogesterone","Biochemistry / Chemical Pathology","laboratory","Manchester University NHS Foundation Trust A-Z Laboratory Tests"
"Serum ferritin","Haematology","laboratory","Manchester University NHS Foundation Trust A-Z Laboratory Tests"
"Serum folate","Haematology","laboratory","Manchester University NHS Foundation Trust A-Z Laboratory Tests"
"Serum intrinisic factor antibodies","Haematology","laboratory","Manchester University NHS Foundation Trust A-Z Laboratory Tests"
"Serum paraprotein identification/quantification","Immunology / Serology","laboratory","Manchester University NHS Foundation Trust A-Z Laboratory Tests"
"Serum Protein Electrophoresis","Immunology / Serology","laboratory","Manchester University NHS Foundation Trust A-Z Laboratory Tests"
"Serum vitamin B12","Haematology","laboratory","Manchester University NHS Foundation Trust A-Z Laboratory Tests"
"SHBG","Biochemistry / Chemical Pathology","laboratory","Manchester University NHS Foundation Trust A-Z Laboratory Tests"
"Sirolimus","Biochemistry / Chemical Pathology","laboratory","Manchester University NHS Foundation Trust A-Z Laboratory Tests"
"Skin antibodies","Immunology / Serology","laboratory","Manchester University NHS Foundation Trust A-Z Laboratory Tests"
"Skin, superficial, non-surgical wounds","Microbiology / Bacteriology","laboratory","Manchester University NHS Foundation Trust A-Z Laboratory Tests"
"Smooth muscle mitochondrial antibodies","Immunology / Serology","laboratory","Manchester University NHS Foundation Trust A-Z Laboratory Tests"
"Sodium (blood and urine)","Biochemistry / Chemical Pathology","laboratory","Manchester University NHS Foundation Trust A-Z Laboratory Tests"
"Splenic FNA","Cytology","laboratory","Manchester University NHS Foundation Trust A-Z Laboratory Tests"
"Sputum","Microbiology / Bacteriology","laboratory","Manchester University NHS Foundation Trust A-Z Laboratory Tests"
"ß2 Microglobulin","Immunology / Serology","laboratory","Manchester University NHS Foundation Trust A-Z Laboratory Tests"
"Staphylococcal serology – AST (referral)","Virology","laboratory","Manchester University NHS Foundation Trust A-Z Laboratory Tests"
"Stem cell sterility check","Microbiology / Bacteriology","laboratory","Manchester University NHS Foundation Trust A-Z Laboratory Tests"
"Sterile fluids","Microbiology / Bacteriology","laboratory","Manchester University NHS Foundation Trust A-Z Laboratory Tests"
"Stool for Sugar chromatography (paediatric only)","Biochemistry / Chemical Pathology","laboratory","Manchester University NHS Foundation Trust A-Z Laboratory Tests"
"Streptococcal serology – Antistreptolysin O (ASO)","Virology","laboratory","Manchester University NHS Foundation Trust A-Z Laboratory Tests"
"Streptococcus pneumoniae serology","Vaccine Serology","laboratory","Manchester University NHS Foundation Trust A-Z Laboratory Tests"
"Subcutaneous mass FNA","Cytology","laboratory","Manchester University NHS Foundation Trust A-Z Laboratory Tests"
"Sweat tests","Biochemistry / Chemical Pathology","laboratory","Manchester University NHS Foundation Trust A-Z Laboratory Tests"
"Syphilis antibody","Virology","laboratory","Manchester University NHS Foundation Trust A-Z Laboratory Tests"
"Syphilis confirmation including Immunoblot","Virology","laboratory","Manchester University NHS Foundation Trust A-Z Laboratory Tests"
"Syphilis IgM","Virology","laboratory","Manchester University NHS Foundation Trust A-Z Laboratory Tests"
"T Cell Activation Panel","Immunology / Serology","laboratory","Manchester University NHS Foundation Trust A-Z Laboratory Tests"
"T&B Lymphocyte Subsets","Immunology / Serology","laboratory","Manchester University NHS Foundation Trust A-Z Laboratory Tests"
"Tacrolimus (FK506, prograf)","Biochemistry / Chemical Pathology","laboratory","Manchester University NHS Foundation Trust A-Z Laboratory Tests"
"TB examination (microscopy)","Microbiology / Bacteriology","laboratory","Manchester University NHS Foundation Trust A-Z Laboratory Tests"
"TB Gamma Interferon Release Assay (Quantiferon)","Immunology / Serology","laboratory","Manchester University NHS Foundation Trust A-Z Laboratory Tests"
"Testicular FNA","Cytology","laboratory","Manchester University NHS Foundation Trust A-Z Laboratory Tests"
"Testis antibodies","Immunology / Serology","laboratory","Manchester University NHS Foundation Trust A-Z Laboratory Tests"
"Testosterone","Biochemistry / Chemical Pathology","laboratory","Manchester University NHS Foundation Trust A-Z Laboratory Tests"
"Tetanus antibodies","Vaccine Serology","laboratory","Manchester University NHS Foundation Trust A-Z Laboratory Tests"
"Theophylline","Biochemistry / Chemical Pathology","laboratory","Manchester University NHS Foundation Trust A-Z Laboratory Tests"
"Therapeutic Drug Monitoring of anti-TNF therapies Infliximab and Adalimumab","Immunology / Serology","laboratory","Manchester University NHS Foundation Trust A-Z Laboratory Tests"
"Thiopental","Biochemistry / Chemical Pathology","laboratory","Manchester University NHS Foundation Trust A-Z Laboratory Tests"
"Thiopurine metabolites","Biochemistry / Chemical Pathology","laboratory","Manchester University NHS Foundation Trust A-Z Laboratory Tests"
"Thiopurine Methyltransferase (TPMT)","Biochemistry / Chemical Pathology","laboratory","Manchester University NHS Foundation Trust A-Z Laboratory Tests"
"Throat Swab","Microbiology / Bacteriology","laboratory","Manchester University NHS Foundation Trust A-Z Laboratory Tests"
"Thyroid FNA","Cytology","laboratory","Manchester University NHS Foundation Trust A-Z Laboratory Tests"
"Thyroid peroxidase (TPO) antibodies","Biochemistry / Chemical Pathology","laboratory","Manchester University NHS Foundation Trust A-Z Laboratory Tests"
"Thyroid Stimulating Hormone","Biochemistry / Chemical Pathology","laboratory","Manchester University NHS Foundation Trust A-Z Laboratory Tests"
"Tips","Microbiology / Bacteriology","laboratory","Manchester University NHS Foundation Trust A-Z Laboratory Tests"
"Tissue and biopsies","Microbiology / Bacteriology","laboratory","Manchester University NHS Foundation Trust A-Z Laboratory Tests"
"Tobramycin","Biochemistry / Chemical Pathology","laboratory","Manchester University NHS Foundation Trust A-Z Laboratory Tests"
"Total Protein","Biochemistry / Chemical Pathology","laboratory","Manchester University NHS Foundation Trust A-Z Laboratory Tests"
"Toxoplasma PCR","Molecular Microbiology","laboratory","Manchester University NHS Foundation Trust A-Z Laboratory Tests"
"Toxoplasma serology (avidity)","Virology","laboratory","Manchester University NHS Foundation Trust A-Z Laboratory Tests"
"Toxoplasma serology (IgG)","Virology","laboratory","Manchester University NHS Foundation Trust A-Z Laboratory Tests"
"Toxoplasma serology (IgM)","Virology","laboratory","Manchester University NHS Foundation Trust A-Z Laboratory Tests"
"TPO","Biochemistry / Chemical Pathology","laboratory","Manchester University NHS Foundation Trust A-Z Laboratory Tests"
"Transferrin (and saturation)","Biochemistry / Chemical Pathology","laboratory","Manchester University NHS Foundation Trust A-Z Laboratory Tests"
"Treponema pallidum (syphilis) PCR","Molecular Microbiology","laboratory","Manchester University NHS Foundation Trust A-Z Laboratory Tests"
"Treponema pallidum confirmation","Virology","laboratory","Manchester University NHS Foundation Trust A-Z Laboratory Tests"
"Treponema pallidum screen","Virology","laboratory","Manchester University NHS Foundation Trust A-Z Laboratory Tests"
"Triglycerides","Biochemistry / Chemical Pathology","laboratory","Manchester University NHS Foundation Trust A-Z Laboratory Tests"
"Triiodothyronine (free T3)","Biochemistry / Chemical Pathology","laboratory","Manchester University NHS Foundation Trust A-Z Laboratory Tests"
"Troponin T","Biochemistry / Chemical Pathology","laboratory","Manchester University NHS Foundation Trust A-Z Laboratory Tests"
"TSH","Biochemistry / Chemical Pathology","laboratory","Manchester University NHS Foundation Trust A-Z Laboratory Tests"
"TSH Receptor Antibodies","Immunology / Serology","laboratory","Manchester University NHS Foundation Trust A-Z Laboratory Tests"
"Type I Procollagen N terminal Peptide","Biochemistry / Chemical Pathology","laboratory","Manchester University NHS Foundation Trust A-Z Laboratory Tests"
"Universal Antenatal Haemoglobinopathy Screening","Haematology","laboratory","Manchester University NHS Foundation Trust A-Z Laboratory Tests"
"Urate (blood and urine)","Biochemistry / Chemical Pathology","laboratory","Manchester University NHS Foundation Trust A-Z Laboratory Tests"
"Urea (blood and urine)","Biochemistry / Chemical Pathology","laboratory","Manchester University NHS Foundation Trust A-Z Laboratory Tests"
"Ureteric washing","Cytology","laboratory","Manchester University NHS Foundation Trust A-Z Laboratory Tests"
"Urethral washing","Cytology","laboratory","Manchester University NHS Foundation Trust A-Z Laboratory Tests"
"Urine (voided, catheterised, instrumented or from ileal conduit)","Cytology","laboratory","Manchester University NHS Foundation Trust A-Z Laboratory Tests"
"Urines","Microbiology / Bacteriology","laboratory","Manchester University NHS Foundation Trust A-Z Laboratory Tests"
"Wear and/or loosening of prosthetic joints","Synovial Fluid Analysis","laboratory","Manchester University NHS Foundation Trust A-Z Laboratory Tests"
"Wounds – Skin, Superficial, Non-surgical","Microbiology / Bacteriology","laboratory","Manchester University NHS Foundation Trust A-Z Laboratory Tests"
"Xanthochromia Screen (CSF)","Biochemistry / Chemical Pathology","laboratory","Manchester University NHS Foundation Trust A-Z Laboratory Tests"
"Zinc","Biochemistry / Chemical Pathology","laboratory","Manchester University NHS Foundation Trust A-Z Laboratory Tests"
"Zinc Transporter 8 (ZnT8) antibodies","Immunology / Serology","laboratory","Manchester University NHS Foundation Trust A-Z Laboratory Tests"